Title,Image,Price,Detail Link
Appartement centre-ville d'Eaubonne 5 pièces 109m²,https://bmc-immobilier.staticlbi.com/750xauto/images/biens/1/215db791d4de278c51bce996eb1ddf3c/photo_import_96fab25ac74213f8d393e105af706e00.jpg,405 000 €,https://www.bmc-immobilier.fr/4864-appartement-centre-ville-d-eaubonne-5-pieces-109m.html
Appartement Ermont 5 pièces 103m²,https://bmc-immobilier.staticlbi.com/750xauto/images/biens/1/fb4071aea3b901856cbe3a5700726ed3/photo_import_5bae903d8b3b88ce04059054d946c6fe.jpg,355 000 €,https://www.bmc-immobilier.fr/5081-appartement-ermont-5-pieces-103m.html
"FRANCONVILLE - 10' GARE,",https://bmc-immobilier.staticlbi.com/750xauto/images/biens/2/7b267debc577f018ce65aae0bc70f84e/photo_import_585b92e057fc294316955313b60207e5.jpg,349 000 €,https://www.bmc-immobilier.fr/5092-franconville-10-gare.html
"FRANCONVILLE - 10' GARE,",https://bmc-immobilier.staticlbi.com/750xauto/images/biens/2/2f52332f6e212a8e13e3c39a4e55ffbf/photo_import_25b2bf2314c06718871ea0274a00697b.jpg,290 000 €,https://www.bmc-immobilier.fr/4949-franconville-10-gare.html
"LE PLESSIS-BOUCHARD,",https://bmc-immobilier.staticlbi.com/750xauto/images/biens/2/a909ae16ecbd9d3ff9606aa69a708f9b/photo_import_5884db2bb37c708bdcef5f86974eb435.jpg,275 000 €,https://www.bmc-immobilier.fr/5039-le-plessis-bouchard.html
"LE PLESSIS-BOUCHARD,",https://bmc-immobilier.staticlbi.com/750xauto/images/biens/2/9ef9b342217c6bfb606876edd277785e/photo_import_55690a920648772df873d701aa865a17.jpg,275 000 €,https://www.bmc-immobilier.fr/4832-le-plessis-bouchard.html
"LE PLESSIS-BOUCHARD,",https://bmc-immobilier.staticlbi.com/750xauto/images/biens/2/dde03365868109ac16b3cd945317a065/photo_import_0029e0dff202d7ee1410df5265d440dd.jpg,269 000 €,https://www.bmc-immobilier.fr/5095-le-plessis-bouchard.html
"FRANCONVILLE - 10' GARE,",https://bmc-immobilier.staticlbi.com/750xauto/images/biens/2/f927f809cde9011e026df002a53d9982/photo_import_86dadc434113d9fffd632b7bb210fd77.jpg,250 000 €,https://www.bmc-immobilier.fr/5086-franconville-10-gare.html
"FRANCONVILLE - 10' GARE,",https://bmc-immobilier.staticlbi.com/750xauto/images/biens/2/c2d147c1245d3d251cbc8f813b215268/photo_import_8ea80d56c7046b23dc63537b7ad9aae2.jpg,250 000 €,https://www.bmc-immobilier.fr/4980-franconville-10-gare.html
Appartement Eaubonne 5 pièces 95 m²,https://bmc-immobilier.staticlbi.com/750xauto/images/biens/1/ea502f0ae8422af35f17fe3494c0da02/photo_import_cba8e472d9f86b61fd86b9dcb5305601.jpg,249 000 €,https://www.bmc-immobilier.fr/5090-appartement-eaubonne-5-pieces-95-m.html
Appartement Franconville 3 pièces 60.21 m²,https://bmc-immobilier.staticlbi.com/750xauto/images/biens/2/d2699a6cd59d4792c780bfc10404293d/photo_import_a16eaa61ff520a3944ac11ca21c5f6c4.jpg,234 000 €,https://www.bmc-immobilier.fr/5097-appartement-franconville-3-pieces-60-21-m.html
"LE PLESSIS-BOUCHARD,",https://bmc-immobilier.staticlbi.com/750xauto/images/biens/2/e8e0d6465de3524de6b2fd7f24f0abdc/photo_import_e588a717d0261503731a1d1cc7637b8a.jpg,229 900 €,https://www.bmc-immobilier.fr/5040-le-plessis-bouchard.html
"SANNOIS,",https://bmc-immobilier.staticlbi.com/750xauto/images/biens/2/fb90926ebbbf6cd0a7bdae83db073873/photo_import_df2c6dc558f80f803e5981ff15054b11.jpg,229 000 €,https://www.bmc-immobilier.fr/5096-sannois.html
"FRANCONVILLE, 7 MINUTES GARE,",https://bmc-immobilier.staticlbi.com/750xauto/images/biens/2/1f8d127639b1ee7375902757716688c7/photo_import_f62281d0cd3c32936f3de0a5e0b1f7ec.jpg,229 000 €,https://www.bmc-immobilier.fr/5094-franconville-7-minutes-gare.html
LE PLESSIS-BOUCHARD - CENTRE-VILLE,https://bmc-immobilier.staticlbi.com/750xauto/images/biens/2/68a750aa2f6a561e59af14340924d113/photo_import_41f32a146057ec1c5842a8bdfc73389a.jpg,229 000 €,https://www.bmc-immobilier.fr/5088-le-plessis-bouchard-centre-ville.html
Appartement Sannois 3 pièces 64.64 m2,https://bmc-immobilier.staticlbi.com/750xauto/images/biens/1/933e10d20f2d2b1b3b0f8b46c911ba8c/photo_import_6ad9a5d15e02613735543f9a33e9ffd0.jpg,220 000 €,https://www.bmc-immobilier.fr/5104-appartement-sannois-3-pieces-64-64-m2.html
SAINT-LEU-LA-FORET - CENTRE-VILLE,https://bmc-immobilier.staticlbi.com/750xauto/images/biens/2/2bacb9e0bec4314d2ae598af6f51be77/photo_import_6cd0e9c8d78b7c9c80dee0f9c46a8848.jpg,220 000 €,https://www.bmc-immobilier.fr/5101-saint-leu-la-foret-centre-ville.html
Appartement Saint Gratien 4 pièces 61.82 m²,https://bmc-immobilier.staticlbi.com/750xauto/images/biens/1/3013ba5534d64d9a6a49f97895135ec5/photo_import_3b4b21f68938bf7fcc5983649b95dae4.jpg,210 000 €,https://www.bmc-immobilier.fr/5014-appartement-saint-gratien-4-pieces-61-82-m.html
"LE PLESSIS-BOUCHARD,",https://bmc-immobilier.staticlbi.com/750xauto/images/biens/2/00630b330b66e7745489ecd65a36335e/photo_import_f6c42ad756744947f25e7198db609901.jpg,210 000 €,https://www.bmc-immobilier.fr/4984-le-plessis-bouchard.html
"LE PLESSIS-BOUCHARD,",https://bmc-immobilier.staticlbi.com/750xauto/images/biens/2/99dd3ac736d1b350c23c7d294d76ca07/photo_import_fc25d151c400c6a034068a1d77d821cd.jpg,209 500 €,https://www.bmc-immobilier.fr/5000-le-plessis-bouchard.html
"LE PLESSIS-BOUCHARD,",https://bmc-immobilier.staticlbi.com/750xauto/images/biens/2/048006ad8abfc3dd1580f4fa32142d53/photo_import_7873e202bb7156e250958f03e05239fd.jpg,205 000 €,https://www.bmc-immobilier.fr/5078-le-plessis-bouchard.html
Appartement Sannois 2 pièces 42.37 m²,https://bmc-immobilier.staticlbi.com/750xauto/images/biens/1/c9047a74f88ccdf822fed21092a24c7b/photo_import_0ad7f9a6ab9486e645b8fe3e4ef11552.jpg,200 000 €,https://www.bmc-immobilier.fr/5066-appartement-sannois-2-pieces-42-37-m.html
FRANCONVILLE - CENTRE-VILLE,https://bmc-immobilier.staticlbi.com/750xauto/images/biens/2/b8af8a8d005682cd9c33ff96387d3c5b/photo_import_a8d26bcdef490833568eecad523a5d0c.jpg,200 000 €,https://www.bmc-immobilier.fr/5046-franconville-centre-ville.html
"BEAUCHAMP - 8' GARE ,",https://bmc-immobilier.staticlbi.com/750xauto/images/biens/2/6367a442f0ef69949f784da5f0aa5263/photo_import_c2e899a2006cc516bd2e1447fc8398d3.jpg,189 900 €,https://www.bmc-immobilier.fr/4912-beauchamp-8-gare.html
Appartement Ermont 1 pièces 34.70 m²,https://bmc-immobilier.staticlbi.com/750xauto/images/biens/1/2daf49fc63e2ee211ec850cd54f270cf/photo_import_5d10a2e942fae4408929f8d6b76b1acf.jpg,189 000 €,https://www.bmc-immobilier.fr/5102-appartement-ermont-1-pieces-34-70-m.html
Appartement Eaubonne 4 pièces 64.16 m2,https://bmc-immobilier.staticlbi.com/750xauto/images/biens/1/5615e28d9a701d6a27d821c8c7cdb83b/photo_import_.jpg,184 000 €,https://www.bmc-immobilier.fr/5003-appartement-eaubonne-4-pieces-64-16-m2.html
FRANCONVILLE - 5' GARE,https://bmc-immobilier.staticlbi.com/750xauto/images/biens/2/d80d2e2c3887196c9ce73ffb7bdcf3b4/photo_import_1959a179ad51e410a18bf7dd925b54a6.jpg,179 000 €,https://www.bmc-immobilier.fr/5011-franconville-5-gare.html
"FRANCONVILLE,",https://bmc-immobilier.staticlbi.com/750xauto/images/biens/2/24cb6adf66cffbb7c4ae818ae240d001/photo_import_749427381307d63e2dc23da3a5700cea.jpg,169 000 €,https://www.bmc-immobilier.fr/5052-franconville.html
Appartement 3 pièces 55.31 m2,https://bmc-immobilier.staticlbi.com/750xauto/images/biens/1/a62c24e6fb9ffed746c310b7b33b6865/photo_import_90ad133d9a3e00d58ccda809148d9351.jpg,159 000 €,https://www.bmc-immobilier.fr/4808-appartement-3-pieces-55-31-m2.html
Studio Centre-ville d'Eaubonne  30.67 m2,https://bmc-immobilier.staticlbi.com/750xauto/images/biens/1/19fda10a4dda7ec6b0369f1b06b643d5/photo_import_d7f0cb198e699c185e3c9e567a2e008f.jpg,158 000 €,https://www.bmc-immobilier.fr/5077-studio-centre-ville-d-eaubonne-30-67-m2.html
